WKT,nama,deskripsi
"POLYGON ((106.790675 -6.3627684, 106.7868985 -6.3723221, 106.7838085 -6.3811933, 106.7817486 -6.3917702, 106.7838085 -6.4067823, 106.7886151 -6.4262291, 106.7961682 -6.4494278, 106.8085278 -6.4589799, 106.8311871 -6.4603445, 106.8490399 -6.4579565, 106.8775357 -6.4627325, 106.888522 -6.4603445, 106.8971051 -6.4316877, 106.8984783 -6.4037117, 106.8953884 -6.3856288, 106.8665493 -6.3811933, 106.8452633 -6.3777813, 106.8229473 -6.3736869, 106.8071545 -6.3675452, 106.7968548 -6.3641332, 106.790675 -6.3627684))",Poligon 1 Depok,
