WKT,nama,deskripsi
"POLYGON ((106.7300812 -6.1230706, 106.7259613 -6.1858779, 106.7657868 -6.251408, 106.7671601 -6.2916776, 106.8790833 -6.3087401, 106.964914 -6.2944076, 106.9580475 -6.2555033, 106.9456879 -6.2022612, 106.9408814 -6.1476482, 106.9264618 -6.1189742, 106.9038025 -6.1073676, 106.8557373 -6.1155605, 106.8090454 -6.1305806, 106.7733399 -6.1230706, 106.7300812 -6.1230706))",Poligon 6 DKI,rumah faizzzzzzzzzzzzzzzzzzzzzzzz
